City,Lat,Lng,Maxtemp,Humidity,Cloudiness,Wind Speed,Country,Date
Mataura,-46.1927,168.8643,48.47,77,99,3.76,NZ,1651267803
Hithadhoo,-0.6,73.0833,84.6,73,70,9.01,MV,1651267804
Qaanaaq,77.484,-69.3632,12.04,76,18,1.88,GL,1651267805
Longyearbyen,78.2186,15.6401,8.44,61,40,5.75,SJ,1651267806
Jamestown,42.097,-79.2353,59.52,34,0,10.36,US,1651267484
Saskylakh,71.9167,114.0833,33.71,99,100,10.74,RU,1651267807
Nikolskoye,59.7035,30.7861,35.8,85,100,4.54,RU,1651267808
Port Elizabeth,-33.918,25.5701,62.89,71,0,19.57,ZA,1651267808
Mahajanga,-15.7167,46.3167,77.16,75,15,5.59,MG,1651267809
Leningradskiy,69.3833,178.4167,22.42,88,100,15.9,RU,1651267810
Anadyr,64.75,177.4833,32.5,86,75,6.71,RU,1651267811
Thompson,55.7435,-97.8558,53.76,43,20,2.3,CA,1651267453
Ushuaia,-54.8,-68.3,42.46,65,40,16.11,AR,1651267811
San Cristobal,7.7669,-72.225,77.18,77,81,5.1,VE,1651267812
Lüderitz,-26.6481,15.1594,56.39,75,0,11.54,NA,1651267813
Port-Gentil,-0.7193,8.7815,80.56,89,100,8.05,GA,1651267813
Broome,42.2506,-75.833,54.91,25,0,17.27,US,1651267814
Rutul,41.5357,47.4239,53.28,90,100,3.8,RU,1651267814
Hobart,-42.8794,147.3294,54.27,86,75,1.99,AU,1651267815
Hermanus,-34.4187,19.2345,57.79,80,63,7.52,ZA,1651267816
Salinas,36.6777,-121.6555,80.01,50,0,14.97,US,1651267795
Te Karaka,-38.4654,177.8679,55.92,84,40,0.31,NZ,1651267817
Provideniya,64.3833,-173.3,33.73,93,100,15.46,RU,1651267817
Diego de Almagro,-26.3667,-70.05,66.22,41,87,5.48,CL,1651267818
Busselton,-33.65,115.3333,53.6,83,0,4.68,AU,1651267818
Dikson,73.5069,80.5464,9.52,94,100,19.42,RU,1651267819
Avera,33.194,-82.5271,80.11,35,18,6.31,US,1651267819
Rikitea,-23.1203,-134.9692,76.93,74,99,16.91,PF,1651267820
Praia,14.9215,-23.5087,72.14,68,20,18.41,CV,1651267820
Rocha,-34.4833,-54.3333,48.83,71,21,4.88,UY,1651267821
Chokurdakh,70.6333,147.9167,10.11,96,92,7.78,RU,1651267821
Ilulissat,69.2167,-51.1,17.62,86,100,24.16,GL,1651267822
Cherskiy,68.75,161.3,10.13,94,95,7.14,RU,1651267822
Soure,-0.7167,-48.5233,78.78,87,97,9.22,BR,1651267823
Constitución,-35.3333,-72.4167,54.95,65,13,13.11,CL,1651267823
Rudnogorsk,57.2639,103.7519,40.44,97,100,5.82,RU,1651267824
Lebu,-37.6167,-73.65,50.61,70,73,19.37,CL,1651267824
Upernavik,72.7868,-56.1549,21.87,84,100,16.53,GL,1651267825
Vung Tau,10.346,107.0843,78.64,83,100,4.47,VN,1651267825
Klaksvík,62.2266,-6.589,43.72,82,100,6.82,FO,1651267826
Copiapó,-27.3667,-70.3333,60.49,54,100,4.76,CL,1651267826
Hilo,19.7297,-155.09,80.33,76,75,8.05,US,1651267827
Yellowknife,62.456,-114.3525,34.32,51,20,8.05,CA,1651267670
Port Alfred,-33.5906,26.891,62.15,80,9,18.52,ZA,1651267827
Carnarvon,-24.8667,113.6333,62.67,59,0,11.5,AU,1651267828
Kalianget,-7.05,113.9333,80.85,83,43,5.28,ID,1651267828
Margate,51.3813,1.3862,47.7,76,82,7.0,GB,1651267829
San Patricio,28.017,-97.5169,87.19,61,62,18.97,US,1651267829
Orsha,54.5153,30.4053,33.69,72,83,4.14,BY,1651267830
Quatre Cocos,-20.2078,57.7625,72.09,75,7,9.86,MU,1651267830
Grand Gaube,-20.0064,57.6608,72.37,79,4,1.99,MU,1651267831
Bogorodskoye,56.55,37.8833,30.72,95,68,5.93,RU,1651267831
Mar del Plata,-38.0023,-57.5575,51.87,78,40,4.61,AR,1651267787
Paragominas,-2.9667,-47.4833,73.9,96,100,3.85,BR,1651267832
Airai,-8.9266,125.4092,59.27,76,100,2.91,TL,1651267832
Camaná,-16.6228,-72.7111,68.76,78,21,8.28,PE,1651267833
Norman Wells,65.282,-126.8329,41.04,52,0,10.36,CA,1651267833
Quelimane,-17.8786,36.8883,64.87,93,1,5.3,MZ,1651267834
Kapaa,22.0752,-159.319,79.12,78,75,14.97,US,1651267834
Opuwo,-18.0607,13.84,73.38,42,87,2.28,NA,1651267835
Albany,42.6001,-73.9662,59.41,14,0,1.99,US,1651267835
Lázaro Cárdenas,17.9583,-102.2,83.3,59,9,11.32,MX,1651267801
Hervey Bay,-25.2986,152.8535,74.1,73,47,10.92,AU,1651267836
Cape Town,-33.9258,18.4232,59.11,89,75,5.75,ZA,1651267783
Avarua,-21.2078,-159.775,82.45,89,75,17.27,CK,1651267836
Atar,20.5169,-13.0499,81.79,13,66,8.72,MR,1651267837
Monroe,43.1501,-77.6831,56.44,29,40,10.36,US,1651267838
Arraial do Cabo,-22.9661,-42.0278,76.96,94,40,11.5,BR,1651267838
Otradnoye,59.7775,30.8181,35.96,86,100,4.5,RU,1651267839
Westport,41.1415,-73.3579,63.28,17,0,20.71,US,1651267674
Halifax,44.6453,-63.5724,43.68,95,100,9.22,CA,1651267562
Cherusti,55.5498,40.0107,36.32,83,98,5.1,RU,1651267840
New Norfolk,-42.7826,147.0587,53.92,78,100,1.99,AU,1651267840
Cairns,-16.9167,145.7667,75.15,90,75,9.22,AU,1651267841
Hasaki,35.7333,140.8333,46.8,73,34,28.92,JP,1651267841
Hamilton,39.1834,-84.5333,73.24,38,75,9.22,US,1651267842
Itoman,26.1247,127.6694,71.62,78,75,11.5,JP,1651267842
Iqaluit,63.7506,-68.5145,20.93,62,75,6.91,CA,1651267843
Ponta do Sol,32.6667,-17.1,62.71,69,6,3.06,PT,1651267843
Chifeng,42.2683,118.9636,40.33,31,0,18.52,CN,1651267844
Ternate,0.8,127.4,77.67,90,100,7.36,ID,1651267844
Kaitangata,-46.2817,169.8464,51.98,74,91,3.65,NZ,1651267845
Butaritari,3.0707,172.7902,80.83,76,85,12.55,KI,1651267845
East London,-33.0153,27.9116,64.18,70,22,15.32,ZA,1651267846
Grand-Santi,4.25,-54.3833,75.76,96,67,2.04,GF,1651267846
Torbay,47.6666,-52.7314,44.76,95,100,3.0,CA,1651267847
Les Cayes,18.2,-73.75,79.57,71,81,4.43,HT,1651267847
Comarapa,-17.9,-64.4833,56.3,95,100,2.37,BO,1651267847
Vaini,-21.2,-175.2,77.16,94,100,12.66,TO,1651267848
Ust-Maya,60.4167,134.5333,29.23,77,88,2.1,RU,1651267848
Kavieng,-2.5744,150.7967,82.83,75,100,5.91,PG,1651267849
Princeton,25.5384,-80.4089,82.98,64,0,12.66,US,1651267755
Numan,9.4667,12.0333,86.47,52,100,5.3,NG,1651267850
San Jose,37.3394,-121.895,76.69,33,40,14.97,US,1651267241
Faanui,-16.4833,-151.75,81.68,72,2,19.66,PF,1651267850
Topolobampo,25.6,-109.05,87.71,19,0,17.27,MX,1651267851
Mehamn,71.0357,27.8492,28.35,64,75,18.41,NO,1651267675
Berdigestyakh,62.0989,126.6992,26.92,80,44,3.51,RU,1651267851
Punta Arenas,-53.15,-70.9167,42.91,61,40,6.91,CL,1651267852
Mananjary,-21.2167,48.3333,67.01,83,0,7.07,MG,1651267852
Portland,45.5234,-122.6762,63.63,54,75,10.0,US,1651267806
Nuuk,64.1835,-51.7216,21.81,93,40,9.22,GL,1651267853
Deputatsky,69.3,139.9,11.17,89,37,2.08,RU,1651267854
La Palma del Condado,37.3861,-6.5523,65.93,70,0,6.44,ES,1651267854
Guerrero Negro,27.9769,-114.0611,65.7,56,1,20.4,MX,1651267855
Aripuanã,-9.1667,-60.6333,79.74,72,72,0.94,BR,1651267855
Bluff,-46.6,168.3333,49.8,80,99,8.72,NZ,1651267855
Semīrom,31.4167,51.5667,45.21,86,100,2.48,IR,1651267856
Bredasdorp,-34.5322,20.0403,56.82,84,66,7.02,ZA,1651267856
Coahuayana Viejo,18.7333,-103.6833,86.77,50,2,7.61,MX,1651267857
Ariquemes,-9.9133,-63.0408,78.53,82,100,2.44,BR,1651267857
Prykolotne,50.1604,37.3474,42.91,69,99,6.35,UA,1651267858
Nouadhibou,20.931,-17.0347,66.18,77,40,19.57,MR,1651267858
Kamina,-8.7386,24.9906,63.41,93,72,2.37,CD,1651267859
Waingapu,-9.6567,120.2641,76.08,87,31,4.88,ID,1651267859
Vieux-Condé,50.4594,3.5674,52.99,82,100,9.66,FR,1651267860
Bethel,41.3712,-73.414,60.89,23,0,15.99,US,1651267860
São Filipe,14.8961,-24.4956,71.89,73,3,9.46,CV,1651267861
Križevci,46.0219,16.5425,51.39,70,5,5.28,HR,1651267862
Boueni,-12.9025,45.0761,78.78,79,66,7.83,YT,1651267862
Atuona,-9.8,-139.0333,78.87,76,53,17.4,PF,1651267863
Pénjamo,20.4333,-101.7333,88.05,10,2,8.21,MX,1651267864
Mackay,-21.15,149.2,73.69,94,75,9.22,AU,1651267864
Cuiluan,47.72,128.648,43.61,47,100,4.81,CN,1651267865
Varnavino,57.4035,45.0916,31.53,95,2,6.02,RU,1651267866
Kalat,29.0225,66.5916,65.28,24,0,3.53,PK,1651267867
Liverpool,53.4106,-2.9779,51.3,68,0,3.44,GB,1651267867
Okhotsk,59.3833,143.3,33.03,81,99,9.53,RU,1651267868
Tete,-16.1564,33.5867,64.49,94,20,0.0,MZ,1651267869
Bubaque,11.2833,-15.8333,77.36,71,100,18.43,GW,1651267869
Waipawa,-41.4122,175.5153,52.57,67,0,5.66,NZ,1651267870
San Jerónimo,-11.9472,-75.2829,56.88,67,96,5.01,PE,1651267870
Antofagasta,-23.65,-70.4,63.68,75,100,7.74,CL,1651267871
Houndé,11.5,-3.5167,85.55,42,100,4.38,BF,1651267871
Buala,-8.145,159.5921,82.54,79,100,4.68,SB,1651267872
Farsund,58.0948,6.8047,48.94,5,7,10.67,NO,1651267873
Bathsheba,13.2167,-59.5167,83.01,83,20,13.8,BB,1651267873
Mwanza,-2.5167,32.9,69.85,94,75,0.0,TZ,1651267874
Alnashi,56.1874,52.4792,34.11,54,53,1.68,RU,1651267874
Goražde,43.6669,18.9764,51.76,85,99,2.48,BA,1651267591
Berlevåg,70.8578,29.0864,28.4,74,75,25.32,NO,1651267875
Catuday,16.2923,119.8062,80.55,77,100,6.62,PH,1651267876
Faya,18.3851,42.4509,59.11,52,66,1.81,SA,1651267876
Saint George,37.1041,-113.5841,78.64,12,0,13.0,US,1651267838
Tasiilaq,65.6145,-37.6368,28.56,88,76,8.5,GL,1651267877
Saint Paul Harbor,57.79,-152.4072,44.11,76,100,26.46,US,1651267878
Lorengau,-2.0226,147.2712,81.41,80,79,1.43,PG,1651267878
La Ronge,55.1001,-105.2842,61.02,25,40,11.5,CA,1651267837
Maku,39.2911,44.4521,55.89,76,100,2.1,IR,1651267879
Bud,39.447,-86.1758,71.4,44,67,10.74,US,1651267879
Naze,28.3667,129.4833,63.52,74,96,12.17,JP,1651267880
Were Īlu,10.6,39.4333,53.37,86,9,5.82,ET,1651267880
Tuktoyaktuk,69.4541,-133.0374,26.6,74,20,13.8,CA,1651267881
Tiksi,71.6872,128.8694,29.89,82,100,13.18,RU,1651267882
Cidreira,-30.1811,-50.2056,61.3,66,0,7.92,BR,1651267882
Macusani,-14.0833,-70.4333,42.42,71,60,7.25,PE,1651267883
Mumford,5.2618,-0.759,80.98,85,59,9.17,GH,1651267883
Agía Galíni,35.1,24.6833,66.74,54,100,1.01,GR,1651267884
Dingle,10.9995,122.6711,76.44,91,69,5.77,PH,1651267885
Constantine,36.365,6.6147,54.81,76,75,4.61,DZ,1651267885
Acajutla,13.5928,-89.8275,85.15,65,100,7.0,SV,1651267886
Barrow,71.2906,-156.7887,12.22,79,100,18.41,US,1651267886
Esperance,-33.8667,121.9,53.44,78,85,9.57,AU,1651267887
Dunedin,-45.8742,170.5036,55.8,72,51,5.01,NZ,1651267445
Batagay-Alyta,67.8006,130.4114,10.08,85,38,3.18,RU,1651267887
Olinda,-8.0089,-34.8553,78.53,83,75,2.3,BR,1651267800
Codrington,-38.2667,141.9667,53.01,75,8,12.55,AU,1651267888
Hobyo,5.3505,48.5268,83.75,72,87,8.72,SO,1651267889
Chui,-33.6971,-53.4616,53.73,73,40,5.95,UY,1651267889
Kropotkin,45.4375,40.5756,54.68,76,18,11.72,RU,1651267890
Bassila,9.0081,1.6654,76.64,68,100,7.92,BJ,1651267890
Puerto Ayora,-0.7393,-90.3518,80.56,81,66,10.0,EC,1651267891
Bosobolo,4.1833,19.9,71.69,91,88,3.24,CD,1651267891
Yarmouth,41.7057,-70.2286,54.07,43,100,16.11,US,1651267892
Kloulklubed,7.0419,134.2556,73.9,79,66,10.78,PW,1651267892
Henties Bay,-22.116,14.2845,61.54,78,2,7.54,NA,1651267893
Jampur,29.6441,70.5954,92.52,13,90,9.26,PK,1651267893
Vila Velha,-20.3297,-40.2925,80.55,85,0,6.91,BR,1651267857
Sinjār,36.3209,41.8754,65.66,59,0,6.69,IQ,1651267894
Turukhansk,65.8167,87.9833,16.75,81,100,15.41,RU,1651267894
Nizhniy Tsasuchey,50.5167,115.1333,33.06,35,44,6.08,RU,1651267895
Kalabo,-14.97,22.6814,62.33,59,2,5.53,ZM,1651267895
Fortuna,40.5982,-124.1573,64.92,56,20,13.8,US,1651267896
Stokmarknes,68.5646,14.9108,33.78,86,100,0.0,NO,1651267896
Castro,-24.7911,-50.0119,59.77,96,95,8.43,BR,1651267897
Mahébourg,-20.4081,57.7,72.25,88,20,2.3,MU,1651267897
Hong Kong,22.2855,114.1577,82.18,86,96,1.01,HK,1651267667
Kumul,42.8,93.45,54.16,20,0,7.36,CN,1651267898
Srīvardhan,18.0333,73.0167,81.16,74,0,4.97,IN,1651267899
Laguna,38.421,-121.4238,78.03,23,0,9.22,US,1651267899
Mossamedes,-15.1961,12.1522,74.32,70,51,3.47,AO,1651267901
Torbat-e Jām,35.244,60.6225,72.63,34,44,5.21,IR,1651267901
Meulaboh,4.1363,96.1285,77.04,90,60,3.36,ID,1651267902
Marfino,55.7028,37.3822,38.95,76,75,8.95,RU,1651267902
Florø,61.5996,5.0328,42.87,81,100,4.61,NO,1651267902
Ahipara,-35.1667,173.1667,64.54,69,44,9.86,NZ,1651267903
Havelock,34.8791,-76.9013,69.8,54,0,5.99,US,1651267903
Pevek,69.7008,170.3133,17.31,90,100,9.19,RU,1651267904
Bulawayo,-20.15,28.5833,53.85,62,1,3.58,ZW,1651267904
Sitka,57.0531,-135.33,48.09,71,40,8.05,US,1651267905
Mauá,-23.6678,-46.4614,69.6,94,100,5.97,BR,1651267902
Lagoa,39.05,-27.9833,61.38,85,1,19.3,PT,1651267906
Antalaha,-14.9003,50.2788,73.8,85,63,7.92,MG,1651267906
Manavālakurichi,8.1333,77.3,82.51,86,91,11.34,IN,1651267906
Jiuquan,39.7432,98.5174,48.06,35,100,8.84,CN,1651267907
Amlapura,-8.45,115.6167,79.12,84,61,5.79,ID,1651267907
Ciudad Bolivar,8.1222,-63.5497,91.78,43,96,9.57,VE,1651267908
Walvis Bay,-22.9575,14.5053,65.35,59,0,3.44,NA,1651267909
Charter Township of Clinton,42.587,-82.9199,59.11,40,84,1.99,US,1651267478
George Town,5.4112,100.3354,80.53,93,20,3.44,MY,1651267909
Katsuura,35.1333,140.3,51.4,73,12,23.11,JP,1651267910
Whitehaven,54.549,-3.5841,47.66,82,54,1.01,GB,1651267910
Kosh-Agach,50.0,88.6667,34.99,47,17,1.16,RU,1651267911
Khatanga,71.9667,102.5,19.2,96,100,10.09,RU,1651267911
Ancud,-41.8697,-73.8203,46.29,73,100,2.8,CL,1651267912
Venado Tuerto,-33.7456,-61.9688,55.76,37,0,7.25,AR,1651267912
Garden City,42.3256,-83.331,61.05,28,75,13.8,US,1651267695
Bengkulu,-3.8004,102.2655,75.45,90,51,4.43,ID,1651267913
Ribeira Grande,38.5167,-28.7,62.44,87,3,18.19,PT,1651267913
Korla,41.7597,86.1469,54.27,42,0,1.32,CN,1651267914
Lavrentiya,65.5833,-171.0,32.4,92,69,7.9,RU,1651267914
Santa Leopoldina,-20.1006,-40.5297,80.22,94,1,0.83,BR,1651267915
Bandarbeyla,9.4942,50.8122,83.32,76,24,3.8,SO,1651267915
Soyo,-6.1349,12.3689,77.49,92,100,5.44,AO,1651267916
Port Blair,11.6667,92.75,82.31,76,62,2.8,IN,1651267916
Le Port,-20.9373,55.2919,76.96,77,6,12.46,RE,1651267917
Clyde River,70.4692,-68.5914,8.83,78,100,12.66,CA,1651267917
Jacareacanga,-6.2222,-57.7528,82.02,67,100,1.1,BR,1651267918
Fasa,28.9383,53.6482,70.84,30,89,4.61,IR,1651267918
Krasnosel'kup,65.7,82.4667,9.45,94,95,6.89,RU,1651267919
Bambous Virieux,-20.3428,57.7575,72.21,88,20,2.3,MU,1651267919
Douglas,41.3,-96.167,64.22,85,100,9.22,US,1651267920
Salalah,17.0151,54.0924,84.29,84,40,3.44,OM,1651267920
Tautira,-17.7333,-149.15,80.67,73,20,20.33,PF,1651267921
Palmer,42.1584,-72.3287,59.07,20,40,19.57,US,1651267921
Lompoc,34.6391,-120.4579,80.94,57,0,26.46,US,1651267819
Laas,46.6166,10.7002,54.48,90,100,2.42,IT,1651267922
Djibouti,11.5,42.5,76.12,82,40,13.11,DJ,1651267819
Aklavik,68.2191,-135.0107,37.4,56,20,8.05,CA,1651267923
Chara,56.9064,118.2631,26.92,63,95,1.16,RU,1651267924
Rock Sound,24.9,-76.2,75.76,60,0,9.57,BS,1651267924
Fort Nelson,58.8053,-122.7002,42.39,52,75,3.44,CA,1651267925
Lakes Entrance,-37.8811,147.981,53.17,87,100,17.27,AU,1651267925
Houma,29.5958,-90.7195,84.0,51,0,9.22,US,1651267603
Belyy Yar,53.6039,91.3903,48.09,53,0,8.95,RU,1651267926
Diffa,13.3154,12.6113,87.19,35,61,9.82,NE,1651267927
Kavaratti,10.5669,72.642,85.01,76,85,11.07,IN,1651267927
Vardø,70.3705,31.1107,27.7,74,99,21.41,NO,1651267928
Saint-Pierre,-21.3393,55.4781,75.29,78,0,5.75,RE,1651267928
Valle de Santiago,20.3833,-101.2,89.82,11,7,7.38,MX,1651267929
Victor Harbor,-35.5667,138.6167,55.69,76,0,9.93,AU,1651267930
Saint-Philippe,-21.3585,55.7679,75.22,83,54,14.25,RE,1651267930
Mahon,39.8885,4.2658,54.16,82,0,8.05,ES,1651267931
Chapais,49.7834,-74.8492,42.58,67,10,9.42,CA,1651267931
Kieta,-6.2167,155.6333,82.98,72,100,2.37,PG,1651267932
Alofi,-19.0595,-169.9187,84.09,79,71,11.5,NU,1651267932
Pochutla,15.7432,-96.4661,90.82,44,53,10.02,MX,1651267933
Saint-Louis,16.3333,-15.0,94.64,19,0,16.37,SN,1651267933
Kruisfontein,-34.0033,24.7314,57.88,81,4,15.39,ZA,1651267934
Santa Cruz de la Sierra,-17.8,-63.1667,72.86,78,75,16.11,BO,1651267934
Thinadhoo,0.5333,72.9333,85.24,70,85,9.89,MV,1651267935
Banjar,-8.19,114.9675,77.34,90,68,5.17,ID,1651267935
Auch,43.65,0.5833,64.26,88,100,3.0,FR,1651267936
Chicama,-7.8447,-79.1469,63.14,71,76,8.95,PE,1651267936
Kaeo,-35.1,173.7833,59.32,97,39,12.75,NZ,1651267937
Tarko-Sale,64.9225,77.785,6.03,99,37,7.25,RU,1651267937
Escárcega,18.6089,-90.7454,93.45,40,43,2.35,MX,1651267649
Yulara,-25.2406,130.9889,60.64,63,98,11.5,AU,1651267938
Wajima,37.4,136.9,49.78,64,24,10.09,JP,1651267939
Shache,38.4167,77.2406,66.7,27,30,7.36,CN,1651267940
Biak,-0.9131,122.8766,76.17,85,76,4.41,ID,1651267940
Emet,39.343,29.2585,54.48,93,99,3.76,TR,1651267941
Muncar,-8.4333,114.3333,76.87,92,52,2.55,ID,1651267941
Kahului,20.8947,-156.47,84.22,58,40,23.02,US,1651267942
Shawville,45.6001,-76.4827,56.86,41,0,10.33,CA,1651267942
Kibala,9.1104,18.3463,87.75,51,0,9.22,TD,1651267943
Palauig,15.435,119.9045,81.99,71,100,3.38,PH,1651267943
Taszár,46.3747,17.9059,52.48,61,100,4.25,HU,1651267944
Beringovskiy,63.05,179.3167,31.62,96,100,13.65,RU,1651267944
Gari,59.4307,62.3497,28.35,74,51,5.14,RU,1651267945
Byron Bay,-28.65,153.6167,66.09,84,73,2.21,AU,1651267945
Nichinan,31.6,131.3667,53.28,75,45,9.57,JP,1651267946
Olafsvik,64.8945,-23.7142,45.0,92,50,7.94,IS,1651267946
Teykovo,56.858,40.5369,37.8,85,100,7.83,RU,1651267947
Sinnamary,5.3833,-52.95,79.43,84,87,12.68,GF,1651267947
Nālūt,30.3333,10.85,73.26,22,56,23.91,LY,1651267948
Flin Flon,54.7682,-101.865,49.84,53,40,4.61,CA,1651267949
Nanortalik,60.1432,-45.2371,38.44,85,95,4.56,GL,1651267949
Usol'ye-Sibirskoye,52.7519,103.6453,40.19,83,97,2.77,RU,1651267950
Mt. Pleasant,32.7941,-79.8626,77.0,54,0,8.05,US,1651267950
Ţahţā,26.7693,31.5021,89.29,10,13,5.14,EG,1651267951
Tadine,-21.55,167.8833,72.91,77,100,22.21,NC,1651267951
Seymchan,62.8833,152.4333,22.19,82,50,5.19,RU,1651267952
Puurmani,58.5738,26.2878,39.42,85,19,4.74,EE,1651267952
Tezu,27.9167,96.1667,69.04,80,100,4.68,IN,1651267953
La Reforma,25.0833,-108.05,83.95,39,0,14.61,MX,1651267954
Japura,-0.3167,102.35,72.84,97,100,2.75,ID,1651267954
Chumikan,54.7183,135.315,30.49,76,98,6.2,RU,1651267955
Husavik,66.0449,-17.3389,46.72,73,30,3.51,IS,1651267955
Marsh Harbour,26.5412,-77.0636,74.19,71,88,23.15,BS,1651267955
Tsabong,-26.0217,22.401,65.37,63,38,7.45,BW,1651267956
Carutapera,-1.195,-46.02,77.29,88,100,5.79,BR,1651267957
Pueblo,38.2545,-104.6091,72.36,11,0,7.0,US,1651267908
Vestmannaeyjar,63.4427,-20.2734,47.79,84,36,13.38,IS,1651267957
Cabo San Lucas,22.8909,-109.9124,90.61,21,0,9.22,MX,1651267868
Tual,-5.6667,132.75,84.27,71,100,15.37,ID,1651267958
Ketchikan,55.3422,-131.6461,54.07,43,20,8.05,US,1651267958
Pompéia,-22.1086,-50.1717,74.77,61,31,6.51,BR,1651267959
Merta,26.65,74.0333,84.52,33,0,12.1,IN,1651267959
Muna,20.4833,-89.7167,87.4,47,90,2.3,MX,1651267960
Kosd,47.8079,19.1782,51.15,65,42,1.21,HU,1651267961
Hokitika,-42.7167,170.9667,57.06,72,39,3.58,NZ,1651267961
Isangel,-19.55,169.2667,75.31,78,100,11.5,VU,1651267961
Gioia Tauro,38.424,15.899,64.08,69,88,2.93,IT,1651267962
Yar-Sale,66.8333,70.8333,19.63,83,25,15.12,RU,1651267963
St. George's,12.0564,-61.7485,83.88,79,20,23.02,GD,1651267963
Souillac,-20.5167,57.5167,71.98,88,20,2.3,MU,1651267964
Port Lincoln,-34.7333,135.8667,61.32,57,90,11.54,AU,1651267964
Richards Bay,-28.783,32.0377,68.95,81,48,10.36,ZA,1651267965
Qasigiannguit,68.8193,-51.1922,17.85,74,100,21.92,GL,1651267965
Aquiraz,-3.9014,-38.3911,83.17,84,95,6.26,BR,1651267966
Antiguo Morelos,22.5495,-99.0812,91.45,40,0,9.95,MX,1651267966
Brae,60.3964,-1.353,43.84,71,59,2.66,GB,1651267966
São João da Barra,-21.6403,-41.0511,78.89,82,4,6.58,BR,1651267967
Bilma,18.6853,12.9164,89.55,7,86,8.01,NE,1651267968
Plaster Rock,46.9065,-67.39,36.12,92,100,11.54,CA,1651267885
Nome,64.5011,-165.4064,41.11,70,0,17.27,US,1651267968
Hirara,24.8,125.2833,74.77,83,100,13.89,JP,1651267969
Jining,35.405,116.5814,52.27,79,100,3.94,CN,1651267969
Nogales,31.3086,-110.9422,81.72,7,0,8.05,MX,1651267970
Coquimbo,-29.9533,-71.3436,58.73,82,40,12.66,CL,1651267912
Arrifes,37.7667,-25.7,61.05,100,75,8.05,PT,1651267970
Bowen,-20.0167,148.2333,72.72,85,22,8.84,AU,1651267971
Jérémie,18.65,-74.1167,78.06,75,100,4.65,HT,1651267971
Roald,62.5833,6.1333,45.75,87,75,10.36,NO,1651267972
Sedlčany,49.6606,14.4266,51.28,80,42,3.04,CZ,1651267972
San Francisco,37.7749,-122.4194,76.75,52,75,20.71,US,1651267297
Isiro,2.7739,27.616,65.19,99,100,2.95,CD,1651267973
Saldanha,-33.0117,17.9442,60.03,85,77,3.56,ZA,1651267973
Tura,25.5198,90.2201,68.25,85,0,3.47,IN,1651267974
Russell,32.3502,-85.1999,81.68,36,75,6.91,US,1651267974
Geraldton,-28.7667,114.6,61.21,51,0,18.41,AU,1651267975
Talnakh,69.4865,88.3972,-2.15,94,83,2.44,RU,1651267975
Kununurra,-15.7667,128.7333,73.38,88,66,1.14,AU,1651267878
Talakan,50.3167,130.3667,41.72,53,100,5.48,RU,1651267976
Necochea,-38.5473,-58.7368,50.02,55,92,8.7,AR,1651267706
Amapá,1.0,-52.0,74.26,99,100,2.17,BR,1651267977
Surgut,61.25,73.4167,30.38,74,40,8.95,RU,1651267977
Skjervøy,70.0311,20.9714,28.4,62,100,18.45,NO,1651267978
Devils Lake,48.1128,-98.8651,42.91,93,100,17.27,US,1651267976
Havre-St-Pierre,50.2334,-63.5986,37.76,81,100,17.27,CA,1651267979
Kuloy,61.0305,42.4925,29.89,92,99,3.85,RU,1651267979
Rosarito,32.3333,-117.0333,74.25,61,0,7.45,MX,1651267980
Bismarck,46.8083,-100.7837,42.87,92,40,13.8,US,1651267981
Alice Springs,-23.7,133.8833,62.15,82,100,10.36,AU,1651267810
Marawi,7.9986,124.2928,69.4,95,95,1.39,PH,1651267981
Reading,51.4562,-0.9711,47.91,73,17,4.97,GB,1651267805
Ust'-Koksa,50.2696,85.6108,40.68,69,87,2.28,RU,1651267982
Māngrol,21.1167,70.1167,81.84,80,0,9.08,IN,1651267982
Panubigan,7.4281,123.3466,77.99,84,98,3.36,PH,1651267983
Xifeng,42.7372,124.7222,43.79,46,23,12.62,CN,1651267984
Baijiantan,45.6333,85.1833,59.02,21,0,8.99,CN,1651267984
Bousso,10.4795,16.7117,88.86,44,67,8.46,TD,1651267985
Hailey,43.5196,-114.3153,51.66,30,75,3.44,US,1651267746
Ca Mau,9.1769,105.15,75.85,90,100,1.77,VN,1651267985
Fukuechō,32.6881,128.8419,58.21,71,78,24.76,JP,1651267986
Narsaq,60.9167,-46.05,50.22,78,90,3.33,GL,1651267987
Ughelli,5.4899,6.0074,76.59,89,100,0.98,NG,1651267987
Bonfim,3.0833,-59.95,84.67,63,93,4.12,BR,1651267988
Valday,57.9747,33.2525,28.78,90,100,4.5,RU,1651267988
Prado,-17.3411,-39.2208,75.63,82,7,6.15,BR,1651267989
Miura,35.14,139.6192,51.1,69,38,23.82,JP,1651267990
Muros,42.7762,-9.0603,60.67,76,5,4.07,ES,1651267990
Sørland,67.667,12.6934,38.23,78,98,23.11,NO,1651267990
‘Ewa Beach,21.3156,-158.0072,82.35,56,40,14.97,US,1651267761
Ostrovnoy,68.0531,39.5131,25.0,89,97,17.0,RU,1651267991
Lensk,60.7253,114.9278,35.64,99,100,5.03,RU,1651267992
Jvari,42.7169,42.052,56.55,91,66,3.24,GE,1651267992
Aksha,50.2814,113.2867,30.42,43,66,3.98,RU,1651267993
Poum,-20.2333,164.0167,75.13,74,53,11.23,NC,1651267993
Paamiut,61.994,-49.6678,31.3,98,100,15.75,GL,1651267994
Okahandja,-21.9833,16.9167,67.64,49,61,2.66,NA,1651267994
Ixtapa,20.7,-105.2,81.63,65,0,14.97,MX,1651267995
Alimodian,10.8214,122.4311,75.97,90,75,6.42,PH,1651267996
Mount Isa,-20.7333,139.5,73.17,60,10,4.61,AU,1651267996
Ushtobe,45.2514,77.9838,57.16,27,78,5.75,KZ,1651267997
Kokstad,-30.5472,29.4241,52.14,95,73,2.15,ZA,1651267997
Dothan,31.2232,-85.3905,80.8,53,100,9.22,US,1651267875
Kamenka,51.3223,42.7678,43.72,92,66,8.66,RU,1651267998
Uberaba,-19.7483,-47.9319,81.18,50,0,6.91,BR,1651267998
Aswān,24.0934,32.907,90.7,17,0,2.3,EG,1651267999
San Quintín,30.4833,-115.95,64.62,61,0,15.75,MX,1651267999
Labuhan,-6.8844,112.2051,79.56,86,71,4.54,ID,1651268000
Channel-Port aux Basques,47.5702,-59.1367,39.09,95,100,12.15,CA,1651267837
Polyarnyye Zori,67.3661,32.4981,24.93,79,87,8.32,RU,1651268000
Aksu,41.1231,80.2644,59.36,36,95,4.7,CN,1651268001
Coyhaique,-45.5752,-72.0662,43.41,65,0,0.0,CL,1651267888
Wau,7.7029,27.9953,84.51,41,96,6.98,SS,1651268002
Laje,-10.1833,-40.9667,74.08,50,99,6.2,BR,1651268002
Araouane,18.9048,-3.5265,83.17,8,1,8.08,ML,1651268003
Cravo Norte,6.3017,-70.2041,80.46,78,100,5.99,CO,1651268003
Abhā,18.2164,42.5053,58.82,72,0,0.0,SA,1651268004
Pokhara,28.2333,83.9833,73.58,36,43,7.02,NP,1651268004
Panórama,40.5878,23.0315,59.49,82,40,5.99,GR,1651268005
Port Hardy,50.6996,-127.4199,51.98,71,100,14.97,CA,1651268005
Dawlatabad,36.4141,64.9053,74.68,31,28,1.57,AF,1651268006
Carbondale,37.7273,-89.2168,79.09,38,40,13.8,US,1651267639
Ambilobe,-13.2,49.05,72.81,95,87,2.82,MG,1651268006
Carauari,-4.8828,-66.8958,72.46,99,100,0.54,BR,1651268007
Sumenep,-7.0167,113.8667,79.63,86,42,3.69,ID,1651268007
Jesup,31.6074,-81.8854,79.14,36,40,8.05,US,1651268008
Mbulu,-3.85,35.5333,57.51,94,100,6.46,TZ,1651268008
Goderich,43.7501,-81.7165,48.52,37,0,11.5,CA,1651267837
Sabha,27.0377,14.4283,78.08,17,0,13.15,LY,1651267932
Kodinsk,58.6881,99.1844,41.72,99,100,3.4,RU,1651268009
Mamlyutka,54.9375,68.5394,48.94,73,57,13.24,KZ,1651268010
Safaga,26.7292,33.9365,80.11,48,35,9.22,EG,1651268010
Sagua de Tánamo,20.5819,-75.2414,79.23,63,77,8.14,CU,1651268011
Newcastle,-32.9272,151.7765,68.49,96,100,7.54,AU,1651267956
Bar Harbor,44.3876,-68.2039,46.27,71,100,17.27,US,1651268011
Vao,-22.6667,167.4833,74.59,70,100,25.34,NC,1651268012
Oga,46.4631,10.347,47.08,94,100,3.83,IT,1651268012
Valdivia,-39.8142,-73.2459,53.69,67,94,2.24,CL,1651267718
Saint-Augustin,51.226,-58.6502,36.32,90,100,19.22,CA,1651268014
Vila Franca do Campo,37.7167,-25.4333,63.01,95,40,8.63,PT,1651268015
Liku,-0.7275,119.8922,76.01,92,98,4.94,ID,1651268015
Sambhal,28.5833,78.55,89.13,13,4,7.29,IN,1651268016
Arrondissement de Bastia,42.6667,9.3333,62.02,54,0,2.3,FR,1651268016
Dongli,23.5656,116.8194,71.58,83,100,11.18,CN,1651268017
Baymak,52.5933,58.3225,44.8,63,84,12.62,RU,1651268017
Kanye,-24.9667,25.3327,56.89,86,62,4.14,BW,1651268018
Pio XII,-3.8325,-45.1525,75.42,95,100,2.93,BR,1651268018
Poronaysk,49.2167,143.1167,35.74,62,84,8.46,RU,1651268019
Mayo,38.8876,-76.5119,67.12,24,0,10.36,US,1651268019
Manatí,18.4275,-66.4921,81.86,73,56,11.77,PR,1651268020
Hambantota,6.1241,81.1185,77.34,100,20,4.61,LK,1651268020
Shubarkuduk,49.1447,56.4872,57.07,65,91,11.68,KZ,1651268021
Gualeguay,-33.1416,-59.3097,49.05,53,0,5.08,AR,1651268021
Daru,-9.0763,143.2092,80.2,83,97,6.78,PG,1651268022
Salinópolis,-0.6136,-47.3561,79.12,87,98,10.18,BR,1651268022
Nabire,-3.3667,135.4833,76.87,89,100,2.53,ID,1651268023
Manokwari,-0.8667,134.0833,78.85,79,100,4.45,ID,1651268023
Edson,53.5835,-116.4356,48.34,40,75,9.22,CA,1651267866
Altay,47.8667,88.1167,46.15,39,0,8.79,CN,1651268024
Charters Towers,-20.1,146.2667,69.66,76,6,8.81,AU,1651268024
Yertsevo,60.7966,40.086,30.2,97,99,4.09,RU,1651268025
Ust-Nera,64.5667,143.2,18.91,92,99,2.44,RU,1651268025
Altamira,-3.2033,-52.2064,77.09,94,40,2.3,BR,1651268026
Powell River,49.8496,-124.5361,56.84,58,75,11.5,CA,1651267926
Sept-Îles,50.2001,-66.3821,38.05,77,100,17.27,CA,1651268026
Tapes,-30.6733,-51.3958,57.81,72,0,6.38,BR,1651268027
Kangaatsiaq,68.3065,-53.4641,17.49,79,94,25.75,GL,1651268027
Beloha,-25.1667,45.05,65.62,82,0,10.85,MG,1651268028
Zhigansk,66.7697,123.3711,23.18,93,61,17.31,RU,1651268028
Vinh Long,10.25,105.9667,75.18,93,100,1.88,VN,1651268029
Kamuli,0.9472,33.1197,64.47,99,100,2.93,UG,1651268029
Grootfontein,-19.5667,18.1167,60.37,77,55,2.3,NA,1651268030
Caravelas,-17.7125,-39.2481,75.47,80,12,4.36,BR,1651268030
Riyadh,24.6877,46.7219,69.94,48,42,7.99,SA,1651267877
Buraidah,26.326,43.975,75.65,35,0,7.0,SA,1651268031
Gisborne,-38.6533,178.0042,56.03,83,16,2.04,NZ,1651267972
Tambopata,-12.7333,-69.1833,75.45,92,100,2.66,PE,1651268032
Chu,43.5983,73.7614,62.2,54,100,10.42,KZ,1651268032
Camacha,33.0833,-16.3333,58.42,82,20,8.05,PT,1651268033
Oranjemund,-28.55,16.4333,52.9,83,0,5.3,NA,1651268033
Bosaso,11.2842,49.1816,85.14,59,22,5.01,SO,1651268033
Howard,39.2504,-76.933,66.07,23,0,4.0,US,1651268034
Taseyevo,57.2169,94.8978,52.77,83,100,7.27,RU,1651268034
Sirte,31.2089,16.5887,63.61,87,12,6.87,LY,1651268035
Goundam,16.4145,-3.6708,87.03,11,3,5.19,ML,1651268035
Kattivākkam,13.2167,80.3167,86.09,89,25,14.23,IN,1651268036
Mandera,3.9366,41.867,84.0,61,74,3.96,KE,1651268036
Pisco,-13.7,-76.2167,71.65,64,0,14.97,PE,1651268037
Khotyn,48.4833,26.5,46.72,91,67,3.4,UA,1651268037
Evensk,61.95,159.2333,37.94,65,34,11.18,RU,1651268038
Tongliao,43.6125,122.2653,42.55,49,1,19.35,CN,1651268038
Tazovsky,67.4667,78.7,9.55,88,7,11.48,RU,1651268039
Iisalmi,63.5592,27.1907,20.8,90,4,2.8,FI,1651268039
Lichuan,30.3,108.85,51.55,97,100,2.26,CN,1651268040
Uglovskoye,51.3557,80.1942,55.89,40,100,10.38,RU,1651268040
Parkes,-33.1333,148.1833,60.35,95,100,3.87,AU,1651268041
Nantucket,41.2835,-70.0995,51.94,47,75,17.27,US,1651268041
Winslow,35.0242,-110.6974,80.78,3,0,13.8,US,1651267933
Puerto Ayacucho,5.6639,-67.6236,82.08,80,92,6.8,VE,1651268006
Asău,46.4333,26.4,43.72,100,37,3.71,RO,1651268042
Vanimo,-2.6741,141.3028,77.45,88,100,3.98,PG,1651268043
Shingū,33.7333,135.9833,52.79,67,2,8.34,JP,1651268043
Copán,14.8333,-89.15,95.49,64,93,4.5,HN,1651268044
Menongue,-14.6585,17.691,60.03,74,0,4.14,AO,1651268044
Jinchang,38.4953,102.1739,42.57,43,100,3.02,CN,1651268045
Samarinda,-0.5,117.15,74.25,97,100,0.89,ID,1651268046
Port Augusta,-32.5,137.7667,57.15,77,100,8.19,AU,1651268046
Cayenne,4.9333,-52.3333,83.08,1,75,11.5,GF,1651268047
Bua Yai,15.5855,102.4259,84.11,62,100,8.46,TH,1651268047
San Miguel de Cozumel,20.5083,-86.9458,84.27,69,75,16.11,MX,1651268002
Kutum,14.2,24.6667,78.6,12,20,4.61,SD,1651268048
Qui Nhon,13.7667,109.2333,77.99,90,100,4.43,VN,1651268049
Tessalit,20.1986,1.0114,82.49,8,0,4.68,ML,1651268049
Tiarei,-17.5333,-149.3333,86.02,75,14,21.09,PF,1651268050
Glasgow,55.8652,-4.2576,49.64,82,49,3.44,GB,1651267813
Shellbrook,53.2168,-106.4011,60.03,38,90,7.54,CA,1651268050
Ambon City,-3.6954,128.1814,75.34,94,20,1.14,ID,1651268051
Masaka,-0.3338,31.7341,61.27,91,100,2.55,UG,1651268052
Burē,10.7,37.0667,65.86,32,26,4.85,ET,1651268052
Makkah al Mukarramah,21.4267,39.8261,85.35,44,0,1.81,SA,1651268053
Ballina,-28.8667,153.5667,66.38,96,40,0.0,AU,1651268053
Salta,-24.7859,-65.4117,61.39,80,100,8.05,AR,1651268054
Umuahia,5.5263,7.4896,73.33,90,100,1.99,NG,1651267978
Verāval,20.9,70.3667,81.73,78,0,9.55,IN,1651268054
Kirakira,-10.4544,161.9205,81.75,78,100,2.13,SB,1651268055
Mount Gambier,-37.8333,140.7667,46.31,93,40,9.22,AU,1651267911
Kāmyārān,34.7956,46.9355,49.98,93,83,3.04,IR,1651268056
Arawa,-6.2132,155.5367,83.32,71,100,2.04,PG,1651268056
Samfya,-11.3649,29.5565,66.11,75,100,7.11,ZM,1651268057
Sambava,-14.2667,50.1667,74.82,82,77,11.03,MG,1651268057
Iquique,-20.2208,-70.1431,64.44,72,15,6.91,CL,1651267895
Whyalla,-33.0333,137.5833,48.09,100,46,5.75,AU,1651268058
Diamantina,-18.2494,-43.6003,63.46,66,52,6.6,BR,1651268059
Boa Vista,2.8197,-60.6733,87.78,58,40,5.75,BR,1651267939
Santiago del Estero,-27.7951,-64.2615,64.83,45,95,3.38,AR,1651267891
Warman,52.3168,-106.5679,61.09,18,75,8.05,CA,1651267910
Muscat,23.6139,58.5922,87.82,50,0,1.7,OM,1651267948
Mahon,39.8885,4.2658,54.16,82,0,8.05,ES,1651268060
Touros,-5.1989,-35.4608,79.66,73,92,12.08,BR,1651268060
Grindavik,63.8424,-22.4338,46.35,100,75,5.75,IS,1651268061
Tselina,46.5338,41.0328,54.86,81,91,10.36,RU,1651268062
Oussouye,12.485,-16.5469,77.18,70,66,8.95,SN,1651268062
Sangar,63.9242,127.4739,20.79,85,42,4.34,RU,1651268063
Altamont,42.2068,-121.7372,59.9,32,0,4.61,US,1651268063
Gornopravdinsk,60.05,69.9,28.04,94,35,3.85,RU,1651268064
Sorong,-0.8833,131.25,78.37,89,99,6.13,ID,1651268065
Chipinge,-20.1883,32.6236,53.38,75,4,2.51,ZW,1651268065
Kichera,55.9375,110.0997,29.82,95,100,3.11,RU,1651268065
Derzhavīnsk,51.1,66.3167,60.04,36,0,3.87,KZ,1651268066
Lamar,33.6668,-95.5836,82.98,65,100,21.85,US,1651268066
Uwajima,33.2238,132.56,52.36,76,19,4.56,JP,1651268067
Srandakan,-7.9386,110.2506,76.1,90,16,2.53,ID,1651268067
Pangnirtung,66.1451,-65.7125,15.8,86,100,6.91,CA,1651268068
Jilib,0.4883,42.7854,76.35,92,3,3.94,SO,1651268068
Jumla,29.2747,82.1838,51.33,66,16,4.23,NP,1651268069
Yangjiang,21.85,111.9667,75.7,87,99,4.27,CN,1651268069
Kulhudhuffushi,6.6221,73.07,84.94,74,66,8.39,MV,1651268070
Genhe,50.7833,121.5167,27.5,75,59,4.29,CN,1651268070
Abadiânia,-16.2042,-48.7069,76.12,49,25,3.42,BR,1651267950
South Kazakhstan Region,43.0,68.0,72.91,32,4,7.29,KZ,1651268071
Nemuro,43.3236,145.575,38.95,64,100,14.56,JP,1651268072
Fare,-16.7,-151.0167,81.28,72,0,19.64,PF,1651268072
Liuhe,42.2401,125.7172,45.46,69,100,12.08,CN,1651268073
Darhan,49.4867,105.9228,38.43,33,53,3.74,MN,1651268073
Half Moon Bay,37.4636,-122.4286,75.88,62,0,20.71,US,1651268074
Lata,40.1629,-8.3327,56.91,73,0,1.16,PT,1651268074
Edd,13.9297,41.6925,85.28,66,42,4.43,ER,1651268075
Słubice,52.3509,14.5607,50.29,73,91,6.53,PL,1651268075
Taltal,-25.4,-70.4833,61.7,79,91,3.78,CL,1651267820
Rundu,-17.9333,19.7667,63.43,48,0,4.85,NA,1651268076
Pinotepa Nacional,16.3167,-98.0167,92.05,32,3,10.78,MX,1651267914
Petropavlovsk-Kamchatskiy,53.0452,158.6483,41.59,52,0,6.71,RU,1651268077
Fairbanks,64.8378,-147.7164,54.09,44,0,1.99,US,1651268077
Belmonte,-15.8631,-38.8828,75.61,85,16,6.8,BR,1651268078
Te Anau,-45.4167,167.7167,54.81,85,94,3.89,NZ,1651268078
Ulagan,50.6321,87.9563,37.89,70,37,3.33,RU,1651268079
Puri,19.8,85.85,82.92,87,77,20.11,IN,1651268079
Tārānagar,28.6709,75.0351,86.68,13,7,8.97,IN,1651268080
Usinsk,65.9939,57.5281,23.02,93,100,11.83,RU,1651268080
Shirokiy,49.758,129.523,42.62,56,100,7.45,RU,1651268081
Kuantan,3.8077,103.326,78.91,88,20,0.0,MY,1651268081
Caluquembe,-13.7833,14.6833,60.1,73,24,2.82,AO,1651268082
